<addon id="script.module.kaas" version="0.0.1" name="Kanye as a Service" provider-name="kodiyashimaru">
	<requires>
		<import addon="xbmc.python" version="3.0.0" />
		<import addon="script.module.pyxbmct" />
	</requires>
	<extension point="xbmc.python.pluginsource" library="kaas.py">
		<provides>executable</provides>
	</extension>
	<extension point="xbmc.addon.metadata">
		<reuselanguageinvoker>true</reuselanguageinvoker>
		<license>GNU GENERAL PUBLIC LICENSE. Version 3, 29 June 2007</license>
		<description lang="en">This is a Non-profit resource, organized solely for educational purposes which is protected under the Fair-Use doctrine of the Copyright Act, Specifically section 107, which does promote freedom of expression, by permitting the unlicensed use of copyright-protected works.</description>
		<disclaimer lang="en">The author of this addon does not host any of the content which is found and has no affiliation with any of the content providers.[CR]The author is in no way affiliated with Kodi, Team Kodi, or the XBMC Foundation.</disclaimer>
		<summary>kodi example of "A free REST API for random Kanye West quotes (Kanye as a Service)"</summary>
	</extension>
</addon>
